epoch,time(s),train_loss,test_loss,test_error(%)
001,00040,2.119116,0.00186,63.45
002,00038,2.060728,0.00182,61.91
