epoch,time(s),train_loss,test_loss,test_error(%)
001,00040,2.118495,0.00186,63.18
002,00038,2.060863,0.00182,61.44
